{
    "model_config": "/src/config/uniter-large.json",
    "checkpoint": "/pretrain/uniter-large-init.pt",
    "output_dir": "/storage/pretrain/alldata_large",
    "mrm_prob": 0.15,
    "itm_neg_prob": 0.5,
    "itm_ot_lambda": 0.1,
    "max_txt_len": 60,
    "conf_th": 0.2,
    "max_bb": 100,
    "min_bb": 10,
    "num_bb": 36,
    "train_batch_size": 6144,
    "val_batch_size": 6144,
    "gradient_accumulation_steps": 4,
    "learning_rate": 5e-05,
    "valid_steps": 10000,
    "num_train_steps": 500000,
    "optim": "adamw",
    "betas": [
        0.9,
        0.98
    ],
    "dropout": 0.1,
    "weight_decay": 0.01,
    "grad_norm": 5.0,
    "warmup_steps": 10000,
    "seed": 42,
    "fp16": true,
    "n_workers": 4,
    "pin_mem": true,
    "train_datasets": [
        {
            "name": "coco",
            "db": [
                "/txt/pretrain_coco_train.db/",
                "/txt/pretrain_coco_restval.db/"
            ],
            "img": [
                "/img/coco_train2014/",
                "/img/coco_val2014/"
            ],
            "tasks": [
                "itm",
                "mlm",
                "mrfr",
                "mrckl"
            ],
            "mix_ratio": [
                6,
                8,
                4,
                4
            ]
        },
        {
            "name": "vg",
            "db": [
                "/txt/pretrain_vg_train.db/"
            ],
            "img": [
                "/img/vg/"
            ],
            "tasks": [
                "itm",
                "mlm",
                "mrfr",
                "mrckl"
            ],
            "mix_ratio": [
                9,
                12,
                6,
                6
            ]
        },
        {
            "name": "cc",
            "db": [
                "/txt/conceptual_caption_train.db/"
            ],
            "img": [
                "/img/gcc_train/"
            ],
            "tasks": [
                "itm",
                "mlm",
                "mrfr",
                "mrckl"
            ],
            "mix_ratio": [
                9,
                12,
                6,
                6
            ]
        },
        {
            "name": "sbu",
            "db": [
                "/txt/sbu_caption_train.db/"
            ],
            "img": [
                "/img/sbu/"
            ],
            "tasks": [
                "itm",
                "mlm",
                "mrfr",
                "mrckl"
            ],
            "mix_ratio": [
                6,
                8,
                4,
                4
            ]
        }
    ],
    "val_datasets": [
        {
            "name": "coco",
            "db": [
                "/txt/pretrain_coco_val.db/"
            ],
            "img": [
                "/img/coco_val2014/"
            ],
            "tasks": [
                "itm",
                "mlm",
                "mrfr",
                "mrckl"
            ]
        },
        {
            "name": "vg",
            "db": [
                "/txt/pretrain_vg_val.db/"
            ],
            "img": [
                "/img/vg/"
            ],
            "tasks": [
                "itm",
                "mlm",
                "mrfr",
                "mrckl"
            ]
        },
        {
            "name": "cc",
            "db": [
                "/txt/conceptual_caption_val.db/"
            ],
            "img": [
                "/img/gcc_val/"
            ],
            "tasks": [
                "itm",
                "mlm",
                "mrfr",
                "mrckl"
            ]
        },
        {
            "name": "sbu",
            "db": [
                "/txt/sbu_caption_val.db/"
            ],
            "img": [
                "/img/sbu/"
            ],
            "tasks": [
                "itm",
                "mlm",
                "mrfr",
                "mrckl"
            ]
        }
    ],
    "rank": 0
}
