{
    "compressed_db": false,
    "checkpoint": "/pretrain/uniter-base.pt",
    "output_dir": "/storage/itm/flickr/default",
    "max_txt_len": 60,
    "conf_th": 0.2,
    "max_bb": 100,
    "min_bb": 10,
    "num_bb": 36,
    "train_batch_size": 40,
    "negative_size": 1,
    "inf_minibatch_size": 40,
    "margin": 0.2,
    "gradient_accumulation_steps": 4,
    "learning_rate": 5e-05,
    "valid_steps": 2000,
    "num_train_steps": 20000,
    "optim": "adamw",
    "betas": [
        0.9,
        0.98
    ],
    "dropout": 0.1,
    "weight_decay": 0.01,
    "grad_norm": 2.0,
    "warmup_steps": 2000,
    "seed": 42,
    "full_val": true,
    "fp16": true,
    "n_workers": 4,
    "pin_mem": true,
    "train_txt_dbs": [
        "/txt/itm_flickr30k_train.db"
    ],
    "train_img_dbs": [
        "/img/flickr30k/"
    ],
    "val_txt_db": "/txt/itm_flickr30k_val.db",
    "val_img_db": "/img/flickr30k/",
    "test_txt_db": "/txt/itm_flickr30k_test.db",
    "test_img_db": "/img/flickr30k/",
    "model_config": "/src/config/uniter-base.json"
}
