{
    "train_txt_db": "/txt/refcoco_train.db",
    "train_img_db": "/img/re_coco_gt",
    "val_txt_db": "/txt/refcoco_val.db",
    "val_img_db": "/img/re_coco_det/",
    "compressed_db": false,
    "model_config": "/src/config/uniter-base.json",
    "checkpoint": "/pretrain/uniter-base.pt",
    "output_dir": "/storage/refcoco/valid_on_det_default",
    "max_txt_len": 60,
    "conf_th": -1,
    "num_bb": 100,
    "train_batch_size": 128,
    "val_batch_size": 128,
    "learning_rate": 1e-4,
    "lr_mul": 1.0,
    "optim": "adamw",
    "betas": [0.9, 0.98],
    "weight_decay": 0.01,
    "dropout": 0.1,
    "grad_norm": 2.0,
    "decay": "linear",
    "num_train_steps": 24000,
    "warmup_steps": 1500,
    "gradient_accumulation_steps": 1,
    "seed": 24,
    "fp16": true,
    "n_workers": 4,
    "pin_mem": true
}