{
    "train_txt_db": "/txt/re/refcoco+_train.db",
    "train_img_db": "/img/re/re_coco_gt",
    "val_txt_db": "/txt/re/refcoco+_val.db",
    "val_img_db": "/img/re/re_coco_det/",
    "compressed_db": false,
    "model_config": "/src/config/uniter-base.json",
    "checkpoint": "/pretrain/uniter-base.pt",
    "mask_dir": "/pretrain/philly_output/pretrain/lottery-cont20k-8gpu-fp32-2/ckpt/mask_6.pt",
    "output_dir": "/storage/refcoco+/uniter-base-lottery",
    "max_txt_len": 60,
    "conf_th": -1,
    "num_bb": 100,
    "train_batch_size": 128,
    "val_batch_size": 128,
    "learning_rate": 6e-5,
    "lr_mul": 1.0,
    "optim": "adamw",
    "betas": [0.9, 0.98],
    "weight_decay": 0.01,
    "dropout": 0.1,
    "grad_norm": 2.0,
    "decay": "linear",
    "num_train_steps": 10000,
    "warmup_steps": 1000,
    "gradient_accumulation_steps": 1,
    "mlp": 2,
    "seed": 24,
    "fp16": true,
    "n_workers": 4,
    "pin_mem": true
}