{
    "train_txt_db": "/txt/ve_train.db/",
    "train_img_db": "/img/flickr30k/",
    "val_txt_db": "/txt/ve_dev.db/",
    "val_img_db": "/img/flickr30k/",
    "test_txt_db": "/txt/ve_test.db/",
    "test_img_db": "/img/flickr30k/",
    "compressed_db": false,
    "model_config": "/src/config/uniter-base.json",
    "checkpoint": "/pretrain/villa-base.pt",
    "output_dir": "/storage/villa-base",
    "max_txt_len": 60,
    "conf_th": 0.2,
    "max_bb": 100,
    "min_bb": 10,
    "num_bb": 36,
    "train_batch_size": 4096,
    "val_batch_size": 4096,
    "gradient_accumulation_steps": 4,
    "learning_rate": 8e-05,
    "valid_steps": 500,
    "num_train_steps": 4000,
    "optim": "adamw",
    "betas": [
        0.9,
        0.98
    ],
    "dropout": 0.1,
    "weight_decay": 0.01,
    "grad_norm": 2.0,
    "warmup_steps": 400,
    "seed": 42,
    "fp16": true,
    "n_workers": 4,
    "pin_mem": false,
    "adv_training": true,
    "adv_modality": ["text"],
    "adv_lr_txt": 1e-3,
    "adv_lr_img": 1e-3,
    "adv_steps": 3,
    "norm_type": "l2",
    "adv_max_norm": 0,
    "adv_kl_weight": 1.5
}
