{
    "train_txt_db": "/txt/nlvr2_train.db",
    "train_img_db": "/img/nlvr2_train/",
    "val_txt_db": "/txt/nlvr2_dev.db",
    "val_img_db": "/img/nlvr2_dev/",
    "test_txt_db": "/txt/nlvr2_test1.db",
    "test_img_db": "/img/nlvr2_test/",
    "model_config": "/src/config/uniter-large.json",
    "checkpoint": "/pretrain/villa-large.pt",
    "model": "paired-attn",
    "use_img_type": true,
    "output_dir": "/storage/villa-large",
    "max_txt_len": 60,
    "conf_th": 0.2,
    "max_bb": 100,
    "min_bb": 10,
    "num_bb": 36,
    "train_batch_size": 5120,
    "val_batch_size": 5120,
    "gradient_accumulation_steps": 2,
    "learning_rate": 2e-05,
    "valid_steps": 500,
    "num_train_steps": 5000,
    "optim": "adamw",
    "betas": [
        0.9,
        0.98
    ],
    "dropout": 0.1,
    "weight_decay": 0.01,
    "grad_norm": 2.0,
    "warmup_steps": 500,
    "seed": 24,
    "fp16": true,
    "n_workers": 4,
    "pin_mem": true,
    "adv_training": true,
    "adv_modality": ["text"],
    "adv_lr_txt": 1e-3,
    "adv_lr_img": 1e-3,
    "adv_steps": 3,
    "norm_type": "l2",
    "adv_max_norm": 0,
    "adv_kl_weight": 1.5
}
