{
    "person": 1372195,
    "bicycle": 4235,
    "car": 44364,
    "motorcycle": 2599,
    "airplane": 1081,
    "bus": 1340,
    "train": 780,
    "truck": 4504,
    "boat": 3677,
    "trafficlight": 4455,
    "firehydrant": 524,
    "stopsign": 481,
    "parkingmeter": 454,
    "bench": 7254,
    "bird": 3085,
    "cat": 477,
    "dog": 3688,
    "horse": 12237,
    "sheep": 556,
    "cow": 1970,
    "elephant": 471,
    "bear": 79,
    "zebra": 109,
    "giraffe": 94,
    "backpack": 7779,
    "umbrella": 7251,
    "handbag": 26127,
    "tie": 113736,
    "suitcase": 3809,
    "frisbee": 429,
    "skis": 164,
    "snowboard": 78,
    "sportsball": 4364,
    "kite": 289,
    "baseballbat": 1040,
    "baseballglove": 846,
    "skateboard": 853,
    "surfboard": 2059,
    "tennisracket": 414,
    "bottle": 62367,
    "wineglass": 34649,
    "cup": 65616,
    "fork": 1898,
    "knife": 2783,
    "spoon": 2635,
    "bowl": 23267,
    "banana": 638,
    "apple": 2343,
    "sandwich": 488,
    "orange": 996,
    "broccoli": 94,
    "carrot": 90,
    "hotdog": 135,
    "pizza": 712,
    "donut": 438,
    "cake": 1848,
    "chair": 152142,
    "couch": 10161,
    "pottedplant": 33177,
    "bed": 6616,
    "diningtable": 38800,
    "toilet": 930,
    "tv": 14754,
    "laptop": 5357,
    "mouse": 803,
    "remote": 4180,
    "keyboard": 1355,
    "cellphone": 13475,
    "microwave": 814,
    "oven": 2041,
    "toaster": 86,
    "sink": 3735,
    "refrigerator": 2832,
    "book": 56724,
    "clock": 6403,
    "vase": 11536,
    "scissors": 353,
    "teddybear": 2381,
    "hairdrier": 33,
    "toothbrush": 861
}