{
    "train_txt_dbs": ["/txt/vqa_train.db",
        "/txt/vqa_trainval.db",
        "/txt/vqa_vg.db"],
    "train_img_dbs": ["/img/coco_train2014/", "/img/coco_val2014", "/img/vg/"],
    "val_txt_db": "/txt/vqa_devval.db",
    "val_img_db": "/img/coco_val2014/",
    "compressed_db": true,
    "model_config": "/src/config/uniter-large.json",
    "checkpoint": "/pretrain/villa-large.pt",
    "output_dir": "/storage/best_vqa_large",
    "max_txt_len": 60,
    "conf_th": 0.075,
    "max_bb": 100,
    "min_bb": 10,
    "num_bb": 36,
    "train_batch_size": 2048,
    "val_batch_size": 10240,
    "gradient_accumulation_steps": 3,
    "learning_rate": 5e-05,
    "lr_mul": 10.0,
    "valid_steps": 500,
    "num_train_steps": 7000,
    "optim": "adamw",
    "betas": [
        0.9,
        0.98
    ],
    "decay": "linear",
    "decay_int": 2000,
    "warm_int": 2000,
    "decay_st": 20000,
    "decay_rate": 0.2,
    "dropout": 0.1,
    "weight_decay": 0.01,
    "grad_norm": 2.0,
    "warmup_steps": 700,
    "seed": 42,
    "fp16": true,
    "n_workers": 4,
    "pin_mem": true,
    "adv_training": true,
    "adv_modality": [
        "image",
        "text"
    ],
    "adv_lr_txt": 0.002,
    "adv_lr_img": 0.002,
    "adv_steps": 3,
    "adv_init_mag": 0,
    "norm_type": "l2",
    "adv_max_norm": 0,
    "adv_kl_weight": 1.0,
    "rank": 0
}